{
  "notice_id": "11877",
  "dataset_key": "2",
  "target_prefix": "050",
  "db_name": "data_preprocessed",
  "collection_name": "preprocessed_dataset2_test",
  "predictions": {},
  "metadata": {
    "010_001": 0.0434782608695652,
    "010_002": 0.0434782608695652,
    "010_003": 0.0217391304347826,
    "010_004": 0.0217391304347826,
    "010_005": 0.1304347826086956,
    "010_006": 0.0869565217391304,
    "010_007": 0.1304347826086956,
    "010_008": 0.0869565217391304,
    "010_009": 0.1739130434782608,
    "010_010": 0.2608695652173913,
    "020_001": 0.0,
    "020_002": 0.0434782608695652,
    "020_003": 0.0217391304347826,
    "020_004": 0.0217391304347826,
    "020_005": 0.0217391304347826,
    "020_006": 0.0,
    "020_007": 0.0217391304347826,
    "020_008": 0.0,
    "020_009": 0.0652173913043478,
    "020_010": 0.0652173913043478,
    "020_011": 0.0217391304347826,
    "020_012": 0.0652173913043478,
    "020_013": 0.0434782608695652,
    "020_014": 0.0869565217391304,
    "020_015": 0.0217391304347826,
    "020_016": 0.0652173913043478,
    "020_017": 0.0869565217391304,
    "020_018": 0.0869565217391304,
    "020_019": 0.0869565217391304,
    "020_020": 0.1739130434782608,
    "050_001": 0.0,
    "050_002": 0.0,
    "050_003": 0.0,
    "050_004": 0.0217391304347826,
    "050_005": 0.0217391304347826,
    "050_006": 0.0,
    "050_007": 0.0217391304347826,
    "050_008": 0.0,
    "050_009": 0.0,
    "050_010": 0.0217391304347826,
    "050_011": 0.0217391304347826,
    "050_012": 0.0,
    "050_013": 0.0,
    "050_014": 0.0,
    "050_015": 0.0,
    "050_016": 0.0,
    "050_017": 0.0,
    "050_018": 0.0217391304347826,
    "050_019": 0.0,
    "050_020": 0.0,
    "050_021": 0.0434782608695652,
    "050_022": 0.0217391304347826,
    "050_023": 0.0,
    "050_024": 0.0,
    "050_025": 0.0652173913043478,
    "050_026": 0.0,
    "050_027": 0.0217391304347826,
    "050_028": 0.0217391304347826,
    "050_029": 0.0434782608695652,
    "050_030": 0.0,
    "050_031": 0.0,
    "050_032": 0.0217391304347826,
    "050_033": 0.0652173913043478,
    "050_034": 0.0217391304347826,
    "050_035": 0.0217391304347826,
    "050_036": 0.0217391304347826,
    "050_037": 0.0,
    "050_038": 0.0,
    "050_039": 0.0434782608695652,
    "050_040": 0.0217391304347826,
    "050_041": 0.0652173913043478,
    "050_042": 0.0,
    "050_043": 0.0434782608695652,
    "050_044": 0.0434782608695652,
    "050_045": 0.0217391304347826,
    "050_046": 0.0434782608695652,
    "050_047": 0.0217391304347826,
    "050_048": 0.0434782608695652,
    "050_049": 0.0217391304347826,
    "050_050": 0.1304347826086956,
    "100_001": 0.0,
    "100_002": 0.0,
    "100_003": 0.0,
    "100_004": 0.0,
    "100_005": 0.0,
    "100_006": 0.0,
    "100_007": 0.0217391304347826,
    "100_008": 0.0,
    "100_009": 0.0,
    "100_010": 0.0217391304347826,
    "100_011": 0.0,
    "100_012": 0.0,
    "100_013": 0.0217391304347826,
    "100_014": 0.0,
    "100_015": 0.0,
    "100_016": 0.0,
    "100_017": 0.0,
    "100_018": 0.0,
    "100_019": 0.0217391304347826,
    "100_020": 0.0,
    "100_021": 0.0,
    "100_022": 0.0217391304347826,
    "100_023": 0.0,
    "100_024": 0.0,
    "100_025": 0.0,
    "100_026": 0.0,
    "100_027": 0.0,
    "100_028": 0.0,
    "100_029": 0.0,
    "100_030": 0.0,
    "100_031": 0.0,
    "100_032": 0.0,
    "100_033": 0.0,
    "100_034": 0.0,
    "100_035": 0.0217391304347826,
    "100_036": 0.0,
    "100_037": 0.0,
    "100_038": 0.0,
    "100_039": 0.0,
    "100_040": 0.0,
    "100_041": 0.0217391304347826,
    "100_042": 0.0217391304347826,
    "100_043": 0.0,
    "100_044": 0.0217391304347826,
    "100_045": 0.0,
    "100_046": 0.0,
    "100_047": 0.0,
    "100_048": 0.0,
    "100_049": 0.0434782608695652,
    "100_050": 0.0217391304347826,
    "100_051": 0.0,
    "100_052": 0.0,
    "100_053": 0.0217391304347826,
    "100_054": 0.0,
    "100_055": 0.0,
    "100_056": 0.0217391304347826,
    "100_057": 0.0,
    "100_058": 0.0434782608695652,
    "100_059": 0.0,
    "100_060": 0.0,
    "100_061": 0.0,
    "100_062": 0.0,
    "100_063": 0.0,
    "100_064": 0.0217391304347826,
    "100_065": 0.0217391304347826,
    "100_066": 0.0434782608695652,
    "100_067": 0.0217391304347826,
    "100_068": 0.0,
    "100_069": 0.0217391304347826,
    "100_070": 0.0,
    "100_071": 0.0,
    "100_072": 0.0217391304347826,
    "100_073": 0.0,
    "100_074": 0.0,
    "100_075": 0.0,
    "100_076": 0.0,
    "100_077": 0.0434782608695652,
    "100_078": 0.0,
    "100_079": 0.0,
    "100_080": 0.0217391304347826,
    "100_081": 0.0434782608695652,
    "100_082": 0.0217391304347826,
    "100_083": 0.0,
    "100_084": 0.0,
    "100_085": 0.0217391304347826,
    "100_086": 0.0217391304347826,
    "100_087": 0.0434782608695652,
    "100_088": 0.0,
    "100_089": 0.0217391304347826,
    "100_090": 0.0,
    "100_091": 0.0434782608695652,
    "100_092": 0.0,
    "100_093": 0.0217391304347826,
    "100_094": 0.0,
    "100_095": 0.0217391304347826,
    "100_096": 0.0217391304347826,
    "100_097": 0.0,
    "100_098": 0.0217391304347826,
    "100_099": 0.0434782608695652,
    "100_100": 0.0869565217391304,
    "UMAP_공고제목_1": 8.67232,
    "UMAP_공고제목_10": 6.9569907,
    "UMAP_공고제목_11": 3.7118375,
    "UMAP_공고제목_12": 8.242096,
    "UMAP_공고제목_13": 4.7879295,
    "UMAP_공고제목_14": 3.931149,
    "UMAP_공고제목_15": 5.3011165,
    "UMAP_공고제목_16": 1.9703928,
    "UMAP_공고제목_17": 5.8759108,
    "UMAP_공고제목_18": 5.4649878,
    "UMAP_공고제목_19": 6.2134585,
    "UMAP_공고제목_2": 10.183378,
    "UMAP_공고제목_20": 6.0501547,
    "UMAP_공고제목_3": 0.19930741,
    "UMAP_공고제목_4": 8.47718,
    "UMAP_공고제목_5": 0.114434406,
    "UMAP_공고제목_6": 3.4665816,
    "UMAP_공고제목_7": 6.303319,
    "UMAP_공고제목_8": 2.4741657,
    "UMAP_공고제목_9": 4.6067834,
    "norm_A값/기초금액": -0.041219655406477,
    "norm_log_기초금액": -0.0523047462112321,
    "norm_log_예정가격": -0.0632685120953912,
    "norm_log_투찰률(%)": 0.5528107057880797,
    "공고구분표시_A값": 0,
    "공고구분표시_기": 1,
    "공고구분표시_낙찰정정": 0,
    "공고구분표시_내역": 0,
    "공고구분표시_물품": 1,
    "공고구분표시_수의": 1,
    "공고구분표시_순": 0,
    "공고구분표시_실적": 0,
    "공고구분표시_여성": 0,
    "공고구분표시_연기": 0,
    "공고구분표시_의무": 0,
    "공고구분표시_정": 0,
    "공고구분표시_특허": 0,
    "공고구분표시_현필": 0,
    "공고구분표시_협정": 0,
    "발주처(수요기관)_(재)한국에너지재단": 0,
    "발주처(수요기관)_(주)엘리스": 0,
    "발주처(수요기관)_(주)중소기업유통센터": 0,
    "발주처(수요기관)_(주)한국거래소": 0,
    "발주처(수요기관)_4284부대": 0,
    "발주처(수요기관)_감사원": 0,
    "발주처(수요기관)_건강보험심사평가원": 0,
    "발주처(수요기관)_건설근로자공제회": 0,
    "발주처(수요기관)_경기고속도로주식회사": 0,
    "발주처(수요기관)_경기과학기술대학교": 0,
    "발주처(수요기관)_경찰청": 0,
    "발주처(수요기관)_고위공직자범죄수사처": 0,
    "발주처(수요기관)_공군": 0,
    "발주처(수요기관)_공군제15특수임무비행단": 0,
    "발주처(수요기관)_공군항공안전단": 0,
    "발주처(수요기관)_공무원연금공단": 0,
    "발주처(수요기관)_과학기술정보통신부": 0,
    "발주처(수요기관)_관세청": 0,
    "발주처(수요기관)_교육과학기술부": 0,
    "발주처(수요기관)_교육부": 0,
    "발주처(수요기관)_국가보안기술연구소": 0,
    "발주처(수요기관)_국가보훈처": 0,
    "발주처(수요기관)_국가인권위원회": 0,
    "발주처(수요기관)_국군복지단": 0,
    "발주처(수요기관)_국군수도병원": 0,
    "발주처(수요기관)_국군수송사령부": 0,
    "발주처(수요기관)_국군재정관리단": 0,
    "발주처(수요기관)_국군제1068부대": 0,
    "발주처(수요기관)_국군화생방방호사령부": 1,
    "발주처(수요기관)_국기원": 0,
    "발주처(수요기관)_국립공원공단": 0,
    "발주처(수요기관)_국립공원관리공단": 0,
    "발주처(수요기관)_국립교통재활병원": 0,
    "발주처(수요기관)_국립서울현충원": 0,
    "발주처(수요기관)_국립중앙의료원": 0,
    "발주처(수요기관)_국립항공박물관": 0,
    "발주처(수요기관)_국무조정실": 0,
    "발주처(수요기관)_국민건강보험공단": 0,
    "발주처(수요기관)_국민권익위원회": 0,
    "발주처(수요기관)_국민연금공단": 0,
    "발주처(수요기관)_국방과학연구소": 0,
    "발주처(수요기관)_국방기술품질원": 0,
    "발주처(수요기관)_국방부": 0,
    "발주처(수요기관)_국방부근무지원단": 0,
    "발주처(수요기관)_국방부조사본부": 0,
    "발주처(수요기관)_국방전산정보원": 0,
    "발주처(수요기관)_국세청": 0,
    "발주처(수요기관)_국제방송교류재단": 0,
    "발주처(수요기관)_국토교통부": 0,
    "발주처(수요기관)_국토안전관리원": 0,
    "발주처(수요기관)_국회": 0,
    "발주처(수요기관)_그랜드코리아레저(주)": 0,
    "발주처(수요기관)_근로복지공단본부": 0,
    "발주처(수요기관)_기상청": 0,
    "발주처(수요기관)_농림축산식품부": 0,
    "발주처(수요기관)_농수산물유통공사": 0,
    "발주처(수요기관)_농업정책보험금융원": 0,
    "발주처(수요기관)_대각사": 0,
    "발주처(수요기관)_대검찰청": 0,
    "발주처(수요기관)_대구지방조달청": 0,
    "발주처(수요기관)_대림대학교": 0,
    "발주처(수요기관)_대법원": 0,
    "발주처(수요기관)_대통령경호실": 0,
    "발주처(수요기관)_대통령경호처": 0,